hour_of_day,sessions,total_energy_kWh,average_energy_kWh
0,500,8157.388262,16.314776524
1,215,3727.2996080000003,17.336277246511628
2,129,2006.082417,15.551026488372093
3,179,2472.345644,13.811986837988826
4,663,5907.376047,8.910069452488687
5,3871,30897.038344,7.98166839163007
6,8796,87029.279452,9.894188205093224
7,12004,117804.211333,9.813746362295902
8,17517,166491.088584,9.50454350539476
9,18257,171644.640858,9.401579715068193
10,18226,165807.272332,9.09729355492154
11,21054,169166.159588,8.0348703138596
12,20628,154979.802915,7.513079450988948
13,19410,155294.557933,8.00075002230809
14,18065,149866.988108,8.295986056352062
15,16267,124731.290686,7.667750088276879
16,15196,114213.100157,7.51599764128718
17,18021,134538.900981,7.465673435491927
18,19088,148861.537596,7.798697485121543
19,13479,106414.036637,7.8948020355367605
20,7993,72775.417398,9.104893956962343
21,5345,60616.627882,11.340809706641721
22,3050,40883.658896,13.404478326557378
23,1342,20742.960176,15.456751248882266
