year_month,sessions,total_energy_kWh,average_energy_kWh,average_charging_hours,date
2011-07,9,72.437273,8.048585888888889,2.3687345679012344,2011-07-01
2011-08,137,781.309083,5.70298600729927,1.7702291159772912,2011-08-01
2011-09,178,1251.386747,7.0302626235955055,2.110750624219725,2011-09-01
2011-10,294,1934.620528,6.5803419319727885,1.8979128873771731,2011-10-01
2011-11,311,2084.733485,6.703323102893891,1.994347088245802,2011-11-01
2011-12,345,2233.122559,6.472819011594202,1.9940297906602253,2011-12-01
2012-01,320,2068.824892,6.4650777875,1.9848385416666665,2012-01-01
2012-02,355,2296.407581,6.468753749295774,1.8957081377151799,2012-02-01
2012-03,517,3474.420432,6.720348998065764,2.053774446593595,2012-03-01
2012-04,526,3637.163508,6.914759520912548,2.1804847908745244,2012-04-01
2012-05,596,3819.884523,6.409202219798658,2.122672445935869,2012-05-01
2012-06,576,3827.457109,6.644890814236111,2.049286265432099,2012-06-01
2012-07,539,3690.280392,6.846531339517625,2.154675840032983,2012-07-01
2012-08,576,3875.922038,6.729031315972223,2.1277097800925926,2012-08-01
2012-09,621,3807.482788,6.13121221900161,2.046739577741993,2012-09-01
2012-10,627,3779.039275,6.027175877192983,2.1883723196881095,2012-10-01
2012-11,677,4380.957752,6.471134050221566,2.179423929098966,2012-11-01
2012-12,670,4310.914444,6.4342006626865675,2.165450663349917,2012-12-01
2013-01,785,5447.157346,6.939053943949045,2.2505095541401277,2013-01-01
2013-02,739,5033.065372,6.810643263870094,2.1587535708915953,2013-02-01
2013-03,819,5601.129899,6.838986445665445,1.9611284086284086,2013-03-01
2013-04,813,5935.786666,7.301090610086101,1.9639134891348913,2013-04-01
2013-05,910,6451.443021,7.089497825274726,1.889430402930403,2013-05-01
2013-06,911,6220.029462,6.8276942502744244,1.8477094767654592,2013-06-01
2013-07,897,6427.936837,7.166038837235229,1.9461095627399976,2013-07-01
2013-08,863,6290.973552,7.289656491309386,1.9936947985065019,2013-08-01
2013-09,781,5852.968285,7.494197548015364,2.0874381135296627,2013-09-01
2013-10,875,6542.293688,7.4769070719999995,2.085709523809524,2013-10-01
2013-11,831,5637.225763,6.783665178098676,1.8718655568926328,2013-11-01
2013-12,873,6390.559745,7.320228802978235,2.099574901361843,2013-12-01
2014-01,933,6629.103604,7.1051485573419075,2.065420090508515,2014-01-01
2014-02,813,6023.119646,7.408511249692497,2.1008001913352468,2014-02-01
2014-03,858,6033.578588,7.032142876456877,1.9575786713286714,2014-03-01
2014-04,875,6364.935563,7.274212072,2.1341771428571428,2014-04-01
2014-05,905,6151.87963,6.797657049723758,1.8872148557397177,2014-05-01
2014-06,918,6947.287009,7.5678507723311546,2.0833569353667394,2014-06-01
2014-07,992,7390.086965,7.4496844405241935,2.1631583221326167,2014-07-01
2014-08,993,8069.898087,8.126785586102718,2.182550352467271,2014-08-01
2014-09,1056,8560.830717,8.106847269886364,2.1938086595117845,2014-09-01
2014-10,1139,8758.324381,7.68948584811238,2.0709518583552824,2014-10-01
2014-11,1116,8622.266211,7.726044991935484,2.0002745420151333,2014-11-01
2014-12,1114,8659.375129,7.773227225314183,2.06652877518452,2014-12-01
2015-01,1445,11334.074386,7.843650094117647,2.0954586697424067,2015-01-01
2015-02,1483,11137.775658,7.510300511126096,2.0006477110961263,2015-02-01
2015-03,1629,12096.65228,7.425814782074893,1.9515527590205308,2015-03-01
2015-04,1642,12396.10808,7.549395907429964,1.9575341724184598,2015-04-01
2015-05,1781,13954.28451,7.835083947220662,1.9923391977041613,2015-05-01
2015-06,1537,11009.823734,7.1631904580351335,1.8839989517819706,2015-06-01
2015-07,1585,11793.045534,7.44040727697161,1.9355396074307745,2015-07-01
2015-08,2168,16813.441752,7.755277560885609,1.9356466533415335,2015-08-01
2015-09,2404,19061.561841,7.929102263311147,1.9522583887964504,2015-09-01
2015-10,2488,20123.313966,8.088148700160772,1.984952773311897,2015-10-01
2015-11,2485,20426.684969,8.219993951307847,2.005818131008272,2015-11-01
2015-12,2457,21188.038509,8.623540296703297,2.051664857775969,2015-12-01
2016-01,3267,28546.54549,8.73784679828589,2.0907152331394756,2016-01-01
2016-02,3529,30707.63978,8.701513114196656,2.098373476905639,2016-02-01
2016-03,3824,33548.23199,8.77307321914226,2.110274581589958,2016-03-01
2016-04,3758,32637.915637,8.684916348323576,2.05888659748093,2016-04-01
2016-05,4022,34166.590065,8.494925426404773,2.037507320846456,2016-05-01
2016-06,3769,31756.846608,8.425801700185726,2.0075234368090564,2016-06-01
2016-07,3956,32627.443029,8.247584183265925,1.9709568447365464,2016-07-01
2016-08,4327,36086.399751,8.339819678992372,2.0140146496161058,2016-08-01
2016-09,4062,35087.45538,8.637975228951255,2.076271814650692,2016-09-01
2016-10,4434,39059.50431,8.809089830852503,2.081383000050118,2016-10-01
2016-11,4128,36809.368,8.916998062015505,2.1340655953919034,2016-11-01
2016-12,3854,34310.978,8.902692786715102,2.132135948221184,2016-12-01
2017-01,4467,39745.968,8.897687038280726,2.137553602964953,2017-01-01
2017-02,4264,37574.594,8.812053001876173,2.1182727485928705,2017-02-01
2017-03,4796,42344.354,8.829097998331942,2.117993119266055,2017-03-01
2017-04,4468,40039.241,8.961334153983886,2.129505371530886,2017-04-01
2017-05,4982,44966.444,9.025781613809716,2.0993141977786696,2017-05-01
2017-06,4748,43469.451,9.155318239258635,2.1468042684639146,2017-06-01
2017-07,4934,44601.863,9.039696595054721,2.0851020695401523,2017-07-01
2017-08,3489,26394.064,7.564936658068214,1.764478121715869,2017-08-01
2017-09,3244,25031.371,7.716205610357583,1.7802455815865188,2017-09-01
2017-10,3336,26376.927,7.906752697841727,1.8250617839062084,2017-10-01
2017-11,3133,25304.73,8.076836897542291,1.8904166223357093,2017-11-01
2017-12,3089,25667.91,8.309456134671414,1.9370526240063308,2017-12-01
2018-01,3405,29190.406,8.572806461086637,1.9689030837004404,2018-01-01
2018-02,3063,25615.094,8.362746980084884,1.9399561069394566,2018-02-01
2018-03,3674,30650.308,8.342489929232444,1.9079811588943325,2018-03-01
2018-04,3423,28671.477,8.376125328659072,1.9010999123575811,2018-04-01
2018-05,3969,32763.014,8.25472763920383,1.886826446628034,2018-05-01
2018-06,3763,30416.913,8.083155195322881,1.8460447485753093,2018-06-01
2018-07,3594,29674.183,8.25658959376739,1.876394144561924,2018-07-01
2018-08,3720,31050.665,8.346952956989247,1.9049479540023895,2018-08-01
2018-09,3404,28453.234,8.358764394829612,1.872743993993994,2018-09-01
2018-10,3827,33139.516,8.659397961850013,1.9396386783961908,2018-10-01
2018-11,3453,30650.908,8.876602374746597,1.9765086720082377,2018-11-01
2018-12,3508,29995.018,8.550461231470923,1.8757783795768403,2018-12-01
2019-01,3897,35773.755,9.179819091608929,1.988401334359764,2019-01-01
2019-02,3747,33591.07,8.96479049906592,1.9458717344245768,2019-02-01
2019-03,4030,36349.564,9.019742928039701,1.9473501516404743,2019-03-01
2019-04,3783,33733.581,8.9171506740682,1.918441272358798,2019-04-01
2019-05,4043,36249.21,8.965918872124659,1.9083448072113667,2019-05-01
2019-06,3980,34401.817,8.643672613065327,1.8299226689000558,2019-06-01
2019-07,3777,34794.449,9.212191951284089,1.957553687523902,2019-07-01
2019-08,4163,38216.214,9.179969733365361,1.9359047962206744,2019-08-01
2019-09,4003,37325.218,9.324311266550088,1.9714498154162157,2019-09-01
2019-10,4440,42682.927,9.613271846846848,2.0311974474474472,2019-10-01
2019-11,4067,39096.239,9.613041308089501,2.0266196076824303,2019-11-01
2019-12,3801,35476.235,9.33339515916864,1.9333755736794411,2019-12-01
2020-01,4454,43172.791,9.693037943421643,2.0355622287082773,2020-01-01
2020-02,4089,39321.822,9.616488628026412,2.010001902122225,2020-02-01
2020-03,2001,19470.564,9.730416791604197,2.024164029096563,2020-03-01
2020-04,487,4860.954,9.981425051334702,2.02354893908282,2020-04-01
2020-05,688,6942.764,10.091226744186047,2.0481003714470285,2020-05-01
2020-06,1097,10947.075,9.979102096627166,2.0223746581586144,2020-06-01
2020-07,1166,10792.408,9.255924528301886,1.8286332666285496,2020-07-01
2020-08,1177,11426.838,9.708443500424808,2.0308264891909755,2020-08-01
2020-09,1228,12022.38,9.790211726384364,2.006131695620702,2020-09-01
2020-10,1495,15185.087,10.157248829431438,2.0567370865849126,2020-10-01
2020-11,1192,12376.457,10.382933724832215,2.025080630126771,2020-11-01
2020-12,1020,10984.647,10.769261764705883,2.148268246187364,2020-12-01
