Station Name,sessions,total_energy_kWh,average_energy_kWh,average_charging_hours,median_charging_hours,average_connection_hours,average_idle_hours
PALO ALTO CA / HAMILTON #2,23706,191525.398528,8.079195078376781,2.0331275017107715,1.8470833333333334,2.517221355118723,0.48409385340795114
PALO ALTO CA / HAMILTON #1,14879,113655.509254,7.638652413065395,2.042837220243296,1.8375,2.5246941252025596,0.481856904959264
PALO ALTO CA / WEBSTER #1,14424,139007.647988,9.637246810038825,2.146423688143218,2.0430555555555556,2.7626048599556294,0.6161811718124114
PALO ALTO CA / BRYANT #2,14379,107193.927039,7.454894432088462,2.0016434267566128,1.7925,2.5478453724953827,0.5462019457387702
PALO ALTO CA / HIGH #4,13893,111845.355066,8.050482621895918,1.9472363580380208,1.8608333333333333,2.362857414205395,0.41562105616737444
PALO ALTO CA / BRYANT #1,13432,102218.463624,7.610070251935675,2.0717173540798095,1.8431944444444444,2.602835972139501,0.5311186180596916
PALO ALTO CA / WEBSTER #2,12665,125697.976951,9.924830394867746,2.16406713602667,2.028888888888889,2.8113009167872964,0.6472337807606264
PALO ALTO CA / CAMBRIDGE #1,11159,80492.339129,7.213221536786451,1.8784074389381764,1.6591666666666667,2.279224417759457,0.40081697882128026
PALO ALTO CA / HIGH #1,10751,98361.413769,9.149047881034322,1.9277966132349444,1.7902777777777779,2.3820293461073385,0.45423273287239435
PALO ALTO CA / WEBSTER #3,10476,98508.373873,9.403243019568539,2.091359350473039,1.9997222222222222,2.663600080607526,0.5722407301344873
PALO ALTO CA / TED THOMPSON #1,9812,91144.470604,9.289081798206277,2.2226818634778276,2.058333333333333,2.730374428137881,0.5076925646600534
PALO ALTO CA / CAMBRIDGE #2,9250,64564.85125,6.979983918918919,1.9337758258258257,1.7340277777777777,2.3491334834834836,0.41535765765765764
PALO ALTO CA / MPL #6,8990,78050.585167,8.681933833926585,1.869364571746385,1.5433333333333334,2.4089181497960697,0.5395535780496848
PALO ALTO CA / HIGH #3,8313,73837.955,8.882227234452063,1.8605445620647714,1.685,2.1906811954502317,0.3301366333854605
PALO ALTO CA / MPL #4,7787,66722.158095,8.568403505200976,1.894069567512806,1.5138888888888888,2.368725653867557,0.47465608635475076
PALO ALTO CA / MPL #5,7541,65512.560778,8.687516347699244,1.8670499417996436,1.523611111111111,2.3612563541528533,0.4942064123532099
PALO ALTO CA / HIGH #2,6926,62289.42,8.99356338434883,1.9303286729553695,1.7962500000000001,2.3056909952834728,0.37536232232810346
PALO ALTO CA / RINCONADA LIB 3,6499,59980.658975,9.229213567471918,1.9926610931596314,1.6916666666666667,2.5679557111350464,0.575294617975415
PALO ALTO CA / RINCONADA LIB 1,6210,58952.373408,9.493135814492753,2.0659345142243692,1.7479166666666668,2.6774853730542136,0.6115508588298444
PALO ALTO CA / BRYANT #6,5856,52958.524,9.043463797814207,2.0326105703551915,1.91,2.3573543753794777,0.32474380502428657
PALO ALTO CA / RINCONADA LIB 2,5550,52703.694935,9.49616124954955,2.0681844344344347,1.7373611111111111,2.6594804304304307,0.591295995995996
PALO ALTO CA / BRYANT #5,5327,48680.86,9.138513234465929,1.9555253634524332,1.803611111111111,2.231123678117765,0.27559831466533175
PALO ALTO CA / CAMBRIDGE #5,4556,33675.721,7.391510316066725,1.6563781582284656,1.3913888888888888,1.9698579406887133,0.31347978246024777
PALO ALTO CA / CAMBRIDGE #3,4476,31125.926,6.953960232350313,1.5873059403237018,1.3231944444444443,1.8072698217654652,0.2199638814417635
PALO ALTO CA / BRYANT #3,4470,38591.538866,8.633453885011185,2.002814504101417,1.8290277777777777,2.4702447800149145,0.4674302759134974
PALO ALTO CA / BRYANT #4,3597,37189.6,10.339060328051154,2.142539075773021,2.058333333333333,2.4215109813733666,0.27897190560034596
PALO ALTO CA / CAMBRIDGE #4,3428,24892.351,7.261479288214702,1.5402819104109944,1.3304166666666668,1.7946479158563462,0.25436600544535204
PALO ALTO CA / TED THOMPSON #3,2455,24119.506,9.82464602851324,2.15556177868296,2.0388888888888888,2.417267933921702,0.2617061552387418
PALO ALTO CA / TED THOMPSON #4,2226,21579.634000000002,9.694354896675652,2.2067669961066185,2.1556944444444444,2.476155410801637,0.26938841469501845
PALO ALTO CA / TED THOMPSON #2,2217,24817.564,11.194210193955795,2.3854782488848794,2.138611111111111,2.679156267227986,0.2936780183431063
PALO ALTO CA / MPL #2,1531,13544.769855,8.847008396472894,2.0691588649394004,1.95,3.7526937731330285,1.683534908193628
PALO ALTO CA / MPL #3,1419,11958.832757,8.4276481726568,2.003589382194033,2.0180555555555557,3.3189660167567143,1.315376634562681
PALO ALTO CA / MPL #1,1043,8998.986923,8.627983627037393,1.990845317992969,1.8683333333333334,3.3466107382550336,1.3557654202620646
PALO ALTO CA / BRYANT # 1,13,110.282,8.483230769230769,1.6164957264957265,1.1847222222222222,2.817286324786325,1.2007905982905984
PALO ALTO CA / SHERMAN 3,8,102.6,12.825,2.4338888888888888,2.012361111111111,2.535555555555556,0.10166666666666666
PALO ALTO CA / SHERMAN 1,7,112.28699999999999,16.041,2.931190476190476,2.8980555555555556,3.020634920634921,0.08944444444444442
PALO ALTO CA / SHERMAN 4,4,22.980999999999998,5.7452499999999995,1.6525694444444445,1.0898611111111112,1.7307638888888888,0.07819444444444437
PALO ALTO CA / SHERMAN 7,4,78.473,19.61825,3.2063888888888887,3.566805555555556,3.364861111111111,0.15847222222222215
PALO ALTO CA / SHERMAN 2,4,41.6,10.4,1.932013888888889,1.6720833333333334,2.286736111111111,0.3547222222222221
PALO ALTO CA / SHERMAN 6,3,33.64,11.213333333333333,1.8707407407407406,1.583611111111111,2.0631481481481484,0.1924074074074075
PALO ALTO CA / SHERMAN 8,2,67.22399999999999,33.611999999999995,5.713472222222222,5.713472222222222,7.843194444444444,2.129722222222222
PALO ALTO CA / SHERMAN 14,2,18.319,9.1595,1.5220833333333332,1.5220833333333332,1.5304166666666665,0.008333333333333304
PALO ALTO CA / SHERMAN 5,1,2.921,2.921,0.48,0.48,0.4855555555555556,0.005555555555555591
PALO ALTO CA / SHERMAN 9,1,4.906,4.906,0.8025,0.8025,0.8072222222222222,0.004722222222222183
PALO ALTO CA / SHERMAN 17,1,6.776,6.776,1.2119444444444445,1.2119444444444445,1.2180555555555554,0.006111111111110956
PALO ALTO CA / SHERMAN 11,1,17.154,17.154,2.9633333333333334,2.9633333333333334,2.973888888888889,0.01055555555555543
PALO ALTO CA / SHERMAN 15,1,10.951,10.951,1.821388888888889,1.821388888888889,1.8252777777777778,0.0038888888888888307
